{"cameraMode":{"drawMode":0,"name":"Shaded","section":"Shading Mode"},"sceneLighting":false,"audioPlay":false,"sceneViewState":{"m_AlwaysRefresh":false,"showFog":true,"showSkybox":false,"showFlares":true,"showImageEffects":true,"showParticleSystems":true,"showVisualEffectGraphs":true,"m_FxEnabled":true},"in2DMode":false,"pivot":{"x":-0.013559997081756592,"y":-0.039739400148391727,"z":-0.045157089829444888},"rotation":{"x":0.18459805846214295,"y":-0.6943272948265076,"z":0.19161926209926606,"w":0.6687055230140686},"size":1.405432105064392,"orthographic":false}