{"cameraMode":{"drawMode":0,"name":"Shaded","section":"Shading Mode"},"sceneLighting":false,"audioPlay":false,"sceneViewState":{"m_AlwaysRefresh":false,"showFog":true,"showSkybox":false,"showFlares":true,"showImageEffects":true,"showParticleSystems":true,"showVisualEffectGraphs":true,"m_FxEnabled":true},"in2DMode":false,"pivot":{"x":-0.006325721740722656,"y":0.5277997255325317,"z":-0.00001055002212524414},"rotation":{"x":0.17680224776268006,"y":0.8095031976699829,"z":-0.4697578251361847,"w":0.3046845495700836},"size":0.9886536598205566,"orthographic":false}