{"cameraMode":{"drawMode":0,"name":"Shaded","section":"Shading Mode"},"sceneLighting":false,"audioPlay":false,"sceneViewState":{"m_AlwaysRefresh":false,"showFog":true,"showSkybox":false,"showFlares":true,"showImageEffects":true,"showParticleSystems":true,"showVisualEffectGraphs":true,"m_FxEnabled":true},"in2DMode":false,"pivot":{"x":0.0015828609466552735,"y":0.5949653387069702,"z":-0.00871904194355011},"rotation":{"x":0.07968468964099884,"y":0.9195556640625,"z":-0.29132556915283205,"w":0.25150689482688906},"size":1.3635531663894654,"orthographic":false}