{"cameraMode":{"drawMode":0,"name":"Shaded","section":"Shading Mode"},"sceneLighting":false,"audioPlay":false,"sceneViewState":{"m_AlwaysRefresh":false,"showFog":true,"showSkybox":false,"showFlares":true,"showImageEffects":true,"showParticleSystems":true,"showVisualEffectGraphs":true,"m_FxEnabled":true},"in2DMode":false,"pivot":{"x":-0.4137011766433716,"y":0.0836336612701416,"z":1.0046442747116089},"rotation":{"x":0.17680224776268006,"y":0.8095031976699829,"z":-0.4697578251361847,"w":0.3046845495700836},"size":2.3199360370635988,"orthographic":false}