{"cameraMode":{"drawMode":0,"name":"Shaded","section":"Shading Mode"},"sceneLighting":false,"audioPlay":false,"sceneViewState":{"m_AlwaysRefresh":false,"showFog":true,"showSkybox":false,"showFlares":true,"showImageEffects":true,"showParticleSystems":true,"showVisualEffectGraphs":true,"m_FxEnabled":true},"in2DMode":false,"pivot":{"x":-0.3501589298248291,"y":1.0327930450439454,"z":0.1905883550643921},"rotation":{"x":0.08272494375705719,"y":-0.8380773067474365,"z":0.13246430456638337,"w":0.5227890014648438},"size":1.7373087406158448,"orthographic":false}