{"cameraMode":{"drawMode":0,"name":"Shaded","section":"Shading Mode"},"sceneLighting":false,"audioPlay":false,"sceneViewState":{"m_AlwaysRefresh":false,"showFog":true,"showSkybox":false,"showFlares":true,"showImageEffects":true,"showParticleSystems":true,"showVisualEffectGraphs":true,"m_FxEnabled":true},"in2DMode":false,"pivot":{"x":0.0061281099915504459,"y":0.010645247995853424,"z":0.002955598756670952},"rotation":{"x":-0.10294424742460251,"y":-0.8969153165817261,"z":0.3125567138195038,"w":-0.2955082058906555},"size":0.8754171133041382,"orthographic":false}