{"cameraMode":{"drawMode":0,"name":"Shaded","section":"Shading Mode"},"sceneLighting":false,"audioPlay":false,"sceneViewState":{"m_AlwaysRefresh":false,"showFog":true,"showSkybox":false,"showFlares":true,"showImageEffects":true,"showParticleSystems":true,"showVisualEffectGraphs":true,"m_FxEnabled":true},"in2DMode":false,"pivot":{"x":-0.19085413217544557,"y":-1.0787014961242676,"z":-1.2784953117370606},"rotation":{"x":-0.03877776861190796,"y":0.8710835576057434,"z":-0.4847371578216553,"w":-0.06948336213827133},"size":8.944723129272461,"orthographic":false}