{"cameraMode":{"drawMode":0,"name":"Shaded","section":"Shading Mode"},"sceneLighting":false,"audioPlay":false,"sceneViewState":{"m_AlwaysRefresh":false,"showFog":true,"showSkybox":false,"showFlares":true,"showImageEffects":true,"showParticleSystems":true,"showVisualEffectGraphs":true,"m_FxEnabled":true},"in2DMode":false,"pivot":{"x":-1.6763806343078614e-8,"y":-7.450580596923828e-9,"z":0.06747125089168549},"rotation":{"x":-0.21413110196590424,"y":-0.7506439089775086,"z":0.5534680485725403,"w":-0.29055583477020266},"size":0.13192076981067658,"orthographic":false}