{"cameraMode":{"drawMode":0,"name":"Shaded","section":"Shading Mode"},"sceneLighting":false,"audioPlay":false,"sceneViewState":{"m_AlwaysRefresh":false,"showFog":true,"showSkybox":false,"showFlares":true,"showImageEffects":true,"showParticleSystems":true,"showVisualEffectGraphs":true,"m_FxEnabled":true},"in2DMode":false,"pivot":{"x":0.705988347530365,"y":0.25915446877479555,"z":0.5477011799812317},"rotation":{"x":-0.07770103216171265,"y":-0.921043336391449,"z":0.29334667325019839,"w":-0.24431242048740388},"size":0.7511990666389465,"orthographic":false}