{"cameraMode":{"drawMode":0,"name":"Shaded","section":"Shading Mode"},"sceneLighting":false,"audioPlay":false,"sceneViewState":{"m_AlwaysRefresh":false,"showFog":true,"showSkybox":false,"showFlares":true,"showImageEffects":true,"showParticleSystems":true,"showVisualEffectGraphs":true,"m_FxEnabled":true},"in2DMode":false,"pivot":{"x":0.49468350410461428,"y":0.036107420921325687,"z":0.4903913140296936},"rotation":{"x":0.17758546769618989,"y":0.8218266367912293,"z":-0.36484700441360476,"w":0.4000127911567688},"size":1.5357027053833008,"orthographic":false}