{"cameraMode":{"drawMode":0,"name":"Shaded","section":"Shading Mode"},"sceneLighting":false,"audioPlay":false,"sceneViewState":{"m_AlwaysRefresh":false,"showFog":true,"showSkybox":false,"showFlares":true,"showImageEffects":true,"showParticleSystems":true,"showVisualEffectGraphs":true,"m_FxEnabled":true},"in2DMode":false,"pivot":{"x":-0.0061740875244140629,"y":-0.006198510527610779,"z":0.003331907093524933},"rotation":{"x":0.17680224776268006,"y":0.8095031976699829,"z":-0.4697578251361847,"w":0.3046845495700836},"size":0.6017529368400574,"orthographic":false}