{"cameraMode":{"drawMode":0,"name":"Shaded","section":"Shading Mode"},"sceneLighting":false,"audioPlay":false,"sceneViewState":{"m_AlwaysRefresh":false,"showFog":true,"showSkybox":false,"showFlares":true,"showImageEffects":true,"showParticleSystems":true,"showVisualEffectGraphs":true,"m_FxEnabled":true},"in2DMode":false,"pivot":{"x":-0.01490926742553711,"y":0.4927183985710144,"z":-0.0025556981563568117},"rotation":{"x":0.4170651435852051,"y":0.570469856262207,"z":-0.41534388065338137,"w":0.572860062122345},"size":1.3386603593826295,"orthographic":false}