{"cameraMode":{"drawMode":0,"name":"Shaded","section":"Shading Mode"},"sceneLighting":false,"audioPlay":false,"sceneViewState":{"m_AlwaysRefresh":false,"showFog":true,"showSkybox":false,"showFlares":true,"showImageEffects":true,"showParticleSystems":true,"showVisualEffectGraphs":true,"m_FxEnabled":true},"in2DMode":false,"pivot":{"x":-0.027019262313842775,"y":-0.034258365631103519,"z":0.06576356291770935},"rotation":{"x":0.4170651435852051,"y":0.570469856262207,"z":-0.41534388065338137,"w":0.572860062122345},"size":2.141005516052246,"orthographic":false}