{"cameraMode":{"drawMode":0,"name":"Shaded","section":"Shading Mode"},"sceneLighting":false,"audioPlay":false,"sceneViewState":{"m_AlwaysRefresh":false,"showFog":true,"showSkybox":false,"showFlares":true,"showImageEffects":true,"showParticleSystems":true,"showVisualEffectGraphs":true,"m_FxEnabled":true},"in2DMode":false,"pivot":{"x":0.09399223327636719,"y":-0.09692490100860596,"z":-0.08239474892616272},"rotation":{"x":-0.12180303782224655,"y":0.8452520966529846,"z":-0.21790924668312074,"w":-0.4724656343460083},"size":0.8104581832885742,"orthographic":false}